{"train/loss": 2.9817, "train/learning_rate": 0.0005, "train/epoch": 0.22, "train/global_step": 100, "_timestamp": 1694290102.8385167, "_runtime": 45.003241777420044, "_step": 0, "_wandb": {"runtime": 50}}