{"train/loss": 2.9859, "train/learning_rate": 0.0005, "train/epoch": 0.22, "train/global_step": 100, "_timestamp": 1694290177.9970028, "_runtime": 29.77887272834778, "_step": 0, "_wandb": {"runtime": 40}}