{"train/loss": 2.3767, "train/learning_rate": 2.2324302345483328e-07, "train/epoch": 19.96, "train/global_step": 4560, "_timestamp": 1694291753.948383, "_runtime": 1527.626590013504, "_step": 67, "eval/loss": 2.6398870944976807, "eval/runtime": 1.2794, "eval/samples_per_second": 3884.69, "eval/steps_per_second": 30.483, "train/train_runtime": 1530.2702, "train/train_samples_per_second": 1528.946, "train/train_steps_per_second": 2.98, "train/total_flos": 2139391919456256.0, "train/train_loss": 2.523722287228233, "_wandb": {"runtime": 1525}}